dataset,dataset_label,item_id,scale_id,weak,strong,weak_surface,strong_surface,pos,template_id,scalar_construction,human_si_rate,human_si_rate_original,human_si_rate_source_column,source_file,has_hu_test_suite,notes
g18,Gotzner et al. (2018),g18_046,adequate/good,adequate,good,adequate,good,adj,default,"It is adequate, but not good.",0.44,0.44,si_rate,cross-scale/human_data/g18.csv,True,
g18,Gotzner et al. (2018),g18_005,ajar/open,ajar,open,ajar,open,adj,default,"It is ajar, but not open.",0.11,0.11,si_rate,cross-scale/human_data/g18.csv,True,
g18,Gotzner et al. (2018),g18_062,allowed/obligatory,allowed,obligatory,allowed,obligatory,adj,default,"It is allowed, but not obligatory.",0.73,0.73,si_rate,cross-scale/human_data/g18.csv,True,
g18,Gotzner et al. (2018),g18_052,annoyed/angry,annoyed,angry,annoyed,angry,adj,default,"She is annoyed, but not angry.",0.51,0.51,si_rate,cross-scale/human_data/g18.csv,True,
g18,Gotzner et al. (2018),g18_001,attractive/stunning,attractive,stunning,attractive,stunning,adj,default,"He is attractive, but not stunning.",0.08,0.08,si_rate,cross-scale/human_data/g18.csv,True,
g18,Gotzner et al. (2018),g18_049,bent/twisted,bent,twisted,bent,twisted,adj,default,"It is bent, but not twisted.",0.46,0.46,si_rate,cross-scale/human_data/g18.csv,True,
g18,Gotzner et al. (2018),g18_006,big/enormous,big,enormous,big,enormous,adj,default,"She is big, but not enormous.",0.14,0.14,si_rate,cross-scale/human_data/g18.csv,True,
g18,Gotzner et al. (2018),g18_023,calm/unflappable,calm,unflappable,calm,unflappable,adj,default,"She is calm, but not unflappable.",0.25,0.25,si_rate,cross-scale/human_data/g18.csv,True,
g18,Gotzner et al. (2018),g18_065,cheap/free,cheap,free,cheap,free,adj,default,"It is cheap, but not free.",0.76,0.76,si_rate,cross-scale/human_data/g18.csv,True,
g18,Gotzner et al. (2018),g18_036,chubby/fat,chubby,fat,chubby,fat,adj,default,"She is chubby, but not fat.",0.32,0.32,si_rate,cross-scale/human_data/g18.csv,True,
g18,Gotzner et al. (2018),g18_025,clean/spotless,clean,spotless,clean,spotless,adj,default,"It is clean, but not spotless.",0.27,0.27,si_rate,cross-scale/human_data/g18.csv,True,
g18,Gotzner et al. (2018),g18_054,cleanish/clean,cleanish,clean,cleanish,clean,adj,default,"It is cleanish, but not clean.",0.55,0.55,si_rate,cross-scale/human_data/g18.csv,True,
g18,Gotzner et al. (2018),g18_051,cold/freezing,cold,freezing,cold,freezing,adj,default,"It is cold, but not freezing.",0.49,0.49,si_rate,cross-scale/human_data/g18.csv,True,
g18,Gotzner et al. (2018),g18_020,content/happy,content,happy,content,happy,adj,default,"He is content, but not happy.",0.22,0.22,si_rate,cross-scale/human_data/g18.csv,True,
g18,Gotzner et al. (2018),g18_045,cool/cold,cool,cold,cool,cold,adj,default,"It is cool, but not cold.",0.43,0.43,si_rate,cross-scale/human_data/g18.csv,True,
g18,Gotzner et al. (2018),g18_010,damaged/broken,damaged,broken,damaged,broken,adj,default,"It is damaged, but not broken.",0.16,0.16,si_rate,cross-scale/human_data/g18.csv,True,
g18,Gotzner et al. (2018),g18_031,damp/wet,damp,wet,damp,wet,adj,default,"It is damp, but not wet.",0.3,0.3,si_rate,cross-scale/human_data/g18.csv,True,
g18,Gotzner et al. (2018),g18_040,dark/black,dark,black,dark,black,adj,default,"That is dark, but not black.",0.37,0.37,si_rate,cross-scale/human_data/g18.csv,True,
g18,Gotzner et al. (2018),g18_064,difficult/impossible,difficult,impossible,difficult,impossible,adj,default,"It is difficult, but not impossible.",0.76,0.76,si_rate,cross-scale/human_data/g18.csv,True,
g18,Gotzner et al. (2018),g18_007,dirty/filthy,dirty,filthy,dirty,filthy,adj,default,"It is dirty, but not filthy.",0.14,0.14,si_rate,cross-scale/human_data/g18.csv,True,
g18,Gotzner et al. (2018),g18_002,drunk/plastered,drunk,plastered,drunk,plastered,adj,default,"He is drunk, but not plastered.",0.11,0.11,si_rate,cross-scale/human_data/g18.csv,True,
g18,Gotzner et al. (2018),g18_018,dry/parched,dry,parched,dry,parched,adj,default,"It is dry, but not parched.",0.22,0.22,si_rate,cross-scale/human_data/g18.csv,True,
g18,Gotzner et al. (2018),g18_008,fat/obese,fat,obese,fat,obese,adj,default,"He is fat, but not obese.",0.16,0.16,si_rate,cross-scale/human_data/g18.csv,True,
g18,Gotzner et al. (2018),g18_044,faulty/non-functional,faulty,non-functional,faulty,non-functional,adj,default,"It is faulty, but not non-functional.",0.39,0.39,si_rate,cross-scale/human_data/g18.csv,True,
g18,Gotzner et al. (2018),g18_026,funny/hilarious,funny,hilarious,funny,hilarious,adj,default,"That is funny, but not hilarious.",0.27,0.27,si_rate,cross-scale/human_data/g18.csv,True,
g18,Gotzner et al. (2018),g18_059,good/excellent,good,excellent,good,excellent,adj,default,"It is good, but not excellent.",0.65,0.65,si_rate,cross-scale/human_data/g18.csv,True,
g18,Gotzner et al. (2018),g18_055,good/perfect,good,perfect,good,perfect,adj,default,"It is good, but not perfect.",0.58,0.58,si_rate,cross-scale/human_data/g18.csv,True,
g18,Gotzner et al. (2018),g18_013,happy/delighted,happy,delighted,happy,delighted,adj,default,"He is happy, but not delighted.",0.19,0.19,si_rate,cross-scale/human_data/g18.csv,True,
g18,Gotzner et al. (2018),g18_053,hard/unsolvable,hard,unsolvable,hard,unsolvable,adj,default,"It is hard, but not unsolvable.",0.52,0.52,si_rate,cross-scale/human_data/g18.csv,True,
g18,Gotzner et al. (2018),g18_038,hot/scalding,hot,scalding,hot,scalding,adj,default,"It is hot, but not scalding.",0.35,0.35,si_rate,cross-scale/human_data/g18.csv,True,
g18,Gotzner et al. (2018),g18_041,hungry/starving,hungry,starving,hungry,starving,adj,default,"He is hungry, but not starving.",0.38,0.38,si_rate,cross-scale/human_data/g18.csv,True,
g18,Gotzner et al. (2018),g18_014,intelligent/brilliant,intelligent,brilliant,intelligent,brilliant,adj,default,"He is intelligent, but not brilliant.",0.19,0.19,si_rate,cross-scale/human_data/g18.csv,True,
g18,Gotzner et al. (2018),g18_019,large/gigantic,large,gigantic,large,gigantic,adj,default,"It is large, but not gigantic.",0.22,0.22,si_rate,cross-scale/human_data/g18.csv,True,
g18,Gotzner et al. (2018),g18_027,light/white,light,white,light,white,adj,default,"That is light, but not white.",0.27,0.27,si_rate,cross-scale/human_data/g18.csv,True,
g18,Gotzner et al. (2018),g18_068,likely/certain,likely,certain,likely,certain,adj,default,"It is likely, but not certain.",0.79,0.79,si_rate,cross-scale/human_data/g18.csv,True,
g18,Gotzner et al. (2018),g18_037,loud/defeaning,loud,defeaning,loud,defeaning,adj,default,"It is loud, but not defeaning.",0.34,0.34,si_rate,cross-scale/human_data/g18.csv,True,
g18,Gotzner et al. (2018),g18_069,low/depleted,low,depleted,low,depleted,adj,default,"It is low, but not depleted.",0.81,0.81,si_rate,cross-scale/human_data/g18.csv,True,
g18,Gotzner et al. (2018),g18_060,mediocre/bad,mediocre,bad,mediocre,bad,adj,default,"It is mediocre, but not bad.",0.7,0.7,si_rate,cross-scale/human_data/g18.csv,True,
g18,Gotzner et al. (2018),g18_039,memorable/unforgettable,memorable,unforgettable,memorable,unforgettable,adj,default,"It is memorable, but not unforgettable.",0.37,0.37,si_rate,cross-scale/human_data/g18.csv,True,
g18,Gotzner et al. (2018),g18_033,old/ancient,old,ancient,old,ancient,adj,default,"That is old, but not ancient.",0.32,0.32,si_rate,cross-scale/human_data/g18.csv,True,
g18,Gotzner et al. (2018),g18_050,palatable/delicious,palatable,delicious,palatable,delicious,adj,default,"It is palatable, but not delicious.",0.47,0.47,si_rate,cross-scale/human_data/g18.csv,True,
g18,Gotzner et al. (2018),g18_032,poor/destitute,poor,destitute,poor,destitute,adj,default,"She is poor, but not destitute.",0.31,0.31,si_rate,cross-scale/human_data/g18.csv,True,
g18,Gotzner et al. (2018),g18_056,possible/certain,possible,certain,possible,certain,adj,default,"It is possible, but not certain.",0.58,0.58,si_rate,cross-scale/human_data/g18.csv,True,
g18,Gotzner et al. (2018),g18_015,pretty/gorgeous,pretty,gorgeous,pretty,gorgeous,adj,default,"She is pretty, but not gorgeous.",0.19,0.19,si_rate,cross-scale/human_data/g18.csv,True,
g18,Gotzner et al. (2018),g18_058,quiet/inaudible,quiet,inaudible,quiet,inaudible,adj,default,"It is quiet, but not inaudible.",0.63,0.63,si_rate,cross-scale/human_data/g18.csv,True,
g18,Gotzner et al. (2018),g18_028,rainy/pouring,rainy,pouring,rainy,pouring,adj,default,"It is rainy, but not pouring.",0.29,0.29,si_rate,cross-scale/human_data/g18.csv,True,
g18,Gotzner et al. (2018),g18_063,rare/extinct,rare,extinct,rare,extinct,adj,default,"It is rare, but not extinct.",0.74,0.74,si_rate,cross-scale/human_data/g18.csv,True,
g18,Gotzner et al. (2018),g18_067,satifisfactory/impeccable,satifisfactory,impeccable,satifisfactory,impeccable,adj,default,"It is satifisfactory, but not impeccable.",0.79,0.79,si_rate,cross-scale/human_data/g18.csv,True,
g18,Gotzner et al. (2018),g18_066,scarce/unavailable,scarce,unavailable,scarce,unavailable,adj,default,"It is scarce, but not unavailable.",0.76,0.76,si_rate,cross-scale/human_data/g18.csv,True,
g18,Gotzner et al. (2018),g18_034,scared/petrified,scared,petrified,scared,petrified,adj,default,"She is scared, but not petrified.",0.32,0.32,si_rate,cross-scale/human_data/g18.csv,True,
g18,Gotzner et al. (2018),g18_047,sick/terminally ill,sick,terminally ill,sick,terminally ill,adj,default,"She is sick, but not terminally ill.",0.45,0.45,si_rate,cross-scale/human_data/g18.csv,True,
g18,Gotzner et al. (2018),g18_024,sickish/sick,sickish,sick,sickish,sick,adj,default,"He is sickish, but not sick.",0.25,0.25,si_rate,cross-scale/human_data/g18.csv,True,
g18,Gotzner et al. (2018),g18_035,silly/idiotic,silly,idiotic,silly,idiotic,adj,default,"That is silly, but not idiotic.",0.32,0.32,si_rate,cross-scale/human_data/g18.csv,True,
g18,Gotzner et al. (2018),g18_043,silly/ridiculous,silly,ridiculous,silly,ridiculous,adj,default,"It is silly, but not ridiculous.",0.39,0.39,si_rate,cross-scale/human_data/g18.csv,True,
g18,Gotzner et al. (2018),g18_070,sleepy/asleep,sleepy,asleep,sleepy,asleep,adj,default,"He is sleepy, but not asleep.",0.81,0.81,si_rate,cross-scale/human_data/g18.csv,True,
g18,Gotzner et al. (2018),g18_021,small/tiny,small,tiny,small,tiny,adj,default,"It is small, but not tiny.",0.24,0.24,si_rate,cross-scale/human_data/g18.csv,True,
g18,Gotzner et al. (2018),g18_012,snug/tight,snug,tight,snug,tight,adj,default,"It is snug, but not tight.",0.18,0.18,si_rate,cross-scale/human_data/g18.csv,True,
g18,Gotzner et al. (2018),g18_011,special/unique,special,unique,special,unique,adj,default,"It is special, but not unique.",0.17,0.17,si_rate,cross-scale/human_data/g18.csv,True,
g18,Gotzner et al. (2018),g18_009,tasty/delicious,tasty,delicious,tasty,delicious,adj,default,"That is tasty, but not delicious.",0.16,0.16,si_rate,cross-scale/human_data/g18.csv,True,
g18,Gotzner et al. (2018),g18_003,thin/skinny,thin,skinny,thin,skinny,adj,default,"She is thin, but not skinny.",0.11,0.11,si_rate,cross-scale/human_data/g18.csv,True,
g18,Gotzner et al. (2018),g18_042,tipsy/drunk,tipsy,drunk,tipsy,drunk,adj,default,"She is tipsy, but not drunk.",0.38,0.38,si_rate,cross-scale/human_data/g18.csv,True,
g18,Gotzner et al. (2018),g18_030,tired/exhausted,tired,exhausted,tired,exhausted,adj,default,"He is tired, but not exhausted.",0.3,0.3,si_rate,cross-scale/human_data/g18.csv,True,
g18,Gotzner et al. (2018),g18_004,transparent/crystal clear,transparent,crystal clear,transparent,crystal clear,adj,default,"It is transparent, but not crystal clear.",0.11,0.11,si_rate,cross-scale/human_data/g18.csv,True,
g18,Gotzner et al. (2018),g18_016,ugly/hideous,ugly,hideous,ugly,hideous,adj,default,"He is ugly, but not hideous.",0.21,0.21,si_rate,cross-scale/human_data/g18.csv,True,
g18,Gotzner et al. (2018),g18_029,unhappy/miserable,unhappy,miserable,unhappy,miserable,adj,default,"She is unhappy, but not miserable.",0.29,0.29,si_rate,cross-scale/human_data/g18.csv,True,
g18,Gotzner et al. (2018),g18_017,unkind/nasty,unkind,nasty,unkind,nasty,adj,default,"He is unkind, but not nasty.",0.21,0.21,si_rate,cross-scale/human_data/g18.csv,True,
g18,Gotzner et al. (2018),g18_057,unsettling/horrific,unsettling,horrific,unsettling,horrific,adj,default,"It is unsettling, but not horrific.",0.62,0.62,si_rate,cross-scale/human_data/g18.csv,True,
g18,Gotzner et al. (2018),g18_061,warm/hot,warm,hot,warm,hot,adj,default,"It is warm, but not hot.",0.7,0.7,si_rate,cross-scale/human_data/g18.csv,True,
g18,Gotzner et al. (2018),g18_048,wary/scared,wary,scared,wary,scared,adj,default,"He is wary, but not scared.",0.45,0.45,si_rate,cross-scale/human_data/g18.csv,True,
g18,Gotzner et al. (2018),g18_022,wet/soaked,wet,soaked,wet,soaked,adj,default,"It is wet, but not soaked.",0.24,0.24,si_rate,cross-scale/human_data/g18.csv,True,
pvt21,Pankratz & van Tiel (2021),pvt21_001,amazing/miraculous,amazing,miraculous,amazing,miraculous,adj,default,"His achievement was amazing, but not miraculous.",0.363636364,0.363636364,SI_rate,cross-scale/human_data/pvt21.csv,True,
pvt21,Pankratz & van Tiel (2021),pvt21_002,angry/violent,angry,violent,angry,violent,adj,default,"The character was angry, but not violent.",0.176470588,0.176470588,SI_rate,cross-scale/human_data/pvt21.csv,True,
pvt21,Pankratz & van Tiel (2021),pvt21_003,big/huge,big,huge,big,huge,adj,default,"The building was big, but not huge.",0.210526316,0.210526316,SI_rate,cross-scale/human_data/pvt21.csv,True,
pvt21,Pankratz & van Tiel (2021),pvt21_004,bizarre/surreal,bizarre,surreal,bizarre,surreal,adj,default,"The movie was bizarre, but not surreal.",0.260869565,0.260869565,SI_rate,cross-scale/human_data/pvt21.csv,True,
pvt21,Pankratz & van Tiel (2021),pvt21_005,bright/brilliant,bright,brilliant,bright,brilliant,adj,default,"The student was bright, but not brilliant.",0.125,0.125,SI_rate,cross-scale/human_data/pvt21.csv,True,
pvt21,Pankratz & van Tiel (2021),pvt21_006,busy/full,busy,full,busy,full,adj,default,"The restaurant was busy, but not full.",0.2,0.2,SI_rate,cross-scale/human_data/pvt21.csv,True,
pvt21,Pankratz & van Tiel (2021),pvt21_007,calm/meditative,calm,meditative,calm,meditative,adj,default,"The music was calm, but not meditative.",0.057142857,0.057142857,SI_rate,cross-scale/human_data/pvt21.csv,True,
pvt21,Pankratz & van Tiel (2021),pvt21_008,casual/sloppy,casual,sloppy,casual,sloppy,adj,default,"His style was casual, but not sloppy.",0.517241379,0.517241379,SI_rate,cross-scale/human_data/pvt21.csv,True,
pvt21,Pankratz & van Tiel (2021),pvt21_009,cold/frosty,cold,frosty,cold,frosty,adj,default,"His tone was cold, but not frosty.",0.235294118,0.235294118,SI_rate,cross-scale/human_data/pvt21.csv,True,
pvt21,Pankratz & van Tiel (2021),pvt21_010,comfortable/luxurious,comfortable,luxurious,comfortable,luxurious,adj,default,"The accommodations were comfortable, but not luxurious.",0.5,0.5,SI_rate,cross-scale/human_data/pvt21.csv,True,
pvt21,Pankratz & van Tiel (2021),pvt21_011,cool/cold,cool,cold,cool,cold,adj,default,"The nights were cool, but not cold.",0.357142857,0.357142857,SI_rate,cross-scale/human_data/pvt21.csv,True,
pvt21,Pankratz & van Tiel (2021),pvt21_012,cute/beautiful,cute,beautiful,cute,beautiful,adj,default,"His girlfriend was cute, but not beautiful.",0.135135135,0.135135135,SI_rate,cross-scale/human_data/pvt21.csv,True,
pvt21,Pankratz & van Tiel (2021),pvt21_013,damp/wet,damp,wet,damp,wet,adj,default,"The sand was damp, but not wet.",0.111111111,0.111111111,SI_rate,cross-scale/human_data/pvt21.csv,True,
pvt21,Pankratz & van Tiel (2021),pvt21_014,dark/black,dark,black,dark,black,adj,default,"The sky was dark, but not black.",0.227272727,0.227272727,SI_rate,cross-scale/human_data/pvt21.csv,True,
pvt21,Pankratz & van Tiel (2021),pvt21_015,decent/great,decent,great,decent,great,adj,default,"His haircut was decent, but not great.",0.5,0.5,SI_rate,cross-scale/human_data/pvt21.csv,True,
pvt21,Pankratz & van Tiel (2021),pvt21_016,dry/arid,dry,arid,dry,arid,adj,default,"The climate was dry, but not arid.",0.137254902,0.137254902,SI_rate,cross-scale/human_data/pvt21.csv,True,
pvt21,Pankratz & van Tiel (2021),pvt21_017,elegant/ostentatious,elegant,ostentatious,elegant,ostentatious,adj,default,"The decor was elegant, but not ostentatious.",0.552631579,0.552631579,SI_rate,cross-scale/human_data/pvt21.csv,True,
pvt21,Pankratz & van Tiel (2021),pvt21_018,emotional/sentimental,emotional,sentimental,emotional,sentimental,adj,default,"The film was emotional, but not sentimental.",0.058823529,0.058823529,SI_rate,cross-scale/human_data/pvt21.csv,True,
pvt21,Pankratz & van Tiel (2021),pvt21_019,enjoyable/great,enjoyable,great,enjoyable,great,adj,default,"The novel was enjoyable, but not great.",0.135135135,0.135135135,SI_rate,cross-scale/human_data/pvt21.csv,True,
pvt21,Pankratz & van Tiel (2021),pvt21_020,evil/satanic,evil,satanic,evil,satanic,adj,default,"The cult was evil, but not satanic.",0.25,0.25,SI_rate,cross-scale/human_data/pvt21.csv,True,
pvt21,Pankratz & van Tiel (2021),pvt21_021,fat/obese,fat,obese,fat,obese,adj,default,"The man was fat, but not obese.",0.107142857,0.107142857,SI_rate,cross-scale/human_data/pvt21.csv,True,
pvt21,Pankratz & van Tiel (2021),pvt21_022,funny/hilarious,funny,hilarious,funny,hilarious,adj,default,"His response was funny, but not hilarious.",0.229166667,0.229166667,SI_rate,cross-scale/human_data/pvt21.csv,True,
pvt21,Pankratz & van Tiel (2021),pvt21_023,grey/black,grey,black,grey,black,adj,default,"The fabric was grey, but not black.",0.934782609,0.934782609,SI_rate,cross-scale/human_data/pvt21.csv,True,
pvt21,Pankratz & van Tiel (2021),pvt21_024,happy/ecstatic,happy,ecstatic,happy,ecstatic,adj,default,"The crowd was happy, but not ecstatic.",0.243243243,0.243243243,SI_rate,cross-scale/human_data/pvt21.csv,True,
pvt21,Pankratz & van Tiel (2021),pvt21_025,honest/blunt,honest,blunt,honest,blunt,adj,default,"The woman was honest, but not blunt.",0.191489362,0.191489362,SI_rate,cross-scale/human_data/pvt21.csv,True,
pvt21,Pankratz & van Tiel (2021),pvt21_026,hot/boiling,hot,boiling,hot,boiling,adj,default,"The water was hot, but not boiling.",0.553191489,0.553191489,SI_rate,cross-scale/human_data/pvt21.csv,True,
pvt21,Pankratz & van Tiel (2021),pvt21_027,mysterious/magical,mysterious,magical,mysterious,magical,adj,default,"The results were mysterious, but not magical.",0.511111111,0.511111111,SI_rate,cross-scale/human_data/pvt21.csv,True,
pvt21,Pankratz & van Tiel (2021),pvt21_028,nice/great,nice,great,nice,great,adj,default,"The graphics were nice, but not great.",0.205128205,0.205128205,SI_rate,cross-scale/human_data/pvt21.csv,True,
pvt21,Pankratz & van Tiel (2021),pvt21_029,odd/bizarre,odd,bizarre,odd,bizarre,adj,default,"His idea was odd, but not bizarre.",0.2,0.2,SI_rate,cross-scale/human_data/pvt21.csv,True,
pvt21,Pankratz & van Tiel (2021),pvt21_030,okay/great,okay,great,okay,great,adj,default,"The melody was okay, but not great.",0.717948718,0.717948718,SI_rate,cross-scale/human_data/pvt21.csv,True,
pvt21,Pankratz & van Tiel (2021),pvt21_031,painful/deadly,painful,deadly,painful,deadly,adj,default,"The sting was painful, but not deadly.",0.76744186,0.76744186,SI_rate,cross-scale/human_data/pvt21.csv,True,
pvt21,Pankratz & van Tiel (2021),pvt21_032,pale/white,pale,white,pale,white,adj,default,"The paint was pale, but not white.",0.486486486,0.486486486,SI_rate,cross-scale/human_data/pvt21.csv,True,
pvt21,Pankratz & van Tiel (2021),pvt21_033,polite/friendly,polite,friendly,polite,friendly,adj,default,"The staff were polite, but not friendly.",0.166666667,0.166666667,SI_rate,cross-scale/human_data/pvt21.csv,True,
pvt21,Pankratz & van Tiel (2021),pvt21_034,pretty/beautiful,pretty,beautiful,pretty,beautiful,adj,default,"The village was pretty, but not beautiful.",0.097560976,0.097560976,SI_rate,cross-scale/human_data/pvt21.csv,True,
pvt21,Pankratz & van Tiel (2021),pvt21_035,quiet/silent,quiet,silent,quiet,silent,adj,default,"The boy was quiet, but not silent.",0.378378378,0.378378378,SI_rate,cross-scale/human_data/pvt21.csv,True,
pvt21,Pankratz & van Tiel (2021),pvt21_036,red/scarlet,red,scarlet,red,scarlet,adj,default,"His coat was red, but not scarlet.",0.23255814,0.23255814,SI_rate,cross-scale/human_data/pvt21.csv,True,
pvt21,Pankratz & van Tiel (2021),pvt21_037,rough/unfriendly,rough,unfriendly,rough,unfriendly,adj,default,"The service was rough, but not unfriendly.",0.5,0.5,SI_rate,cross-scale/human_data/pvt21.csv,True,
pvt21,Pankratz & van Tiel (2021),pvt21_038,sad/tragic,sad,tragic,sad,tragic,adj,default,"His story was sad, but not tragic.",0.261904762,0.261904762,SI_rate,cross-scale/human_data/pvt21.csv,True,
pvt21,Pankratz & van Tiel (2021),pvt21_039,smart/brilliant,smart,brilliant,smart,brilliant,adj,default,"The writer was smart, but not brilliant.",0.068965517,0.068965517,SI_rate,cross-scale/human_data/pvt21.csv,True,
pvt21,Pankratz & van Tiel (2021),pvt21_040,soft/mushy,soft,mushy,soft,mushy,adj,default,"The banana was soft, but not mushy.",0.3125,0.3125,SI_rate,cross-scale/human_data/pvt21.csv,True,
pvt21,Pankratz & van Tiel (2021),pvt21_041,thick/impenetrable,thick,impenetrable,thick,impenetrable,adj,default,"The wall was thick, but not impenetrable.",0.431372549,0.431372549,SI_rate,cross-scale/human_data/pvt21.csv,True,
pvt21,Pankratz & van Tiel (2021),pvt21_042,thin/invisible,thin,invisible,thin,invisible,adj,default,"The line was thin, but not invisible.",0.902439024,0.902439024,SI_rate,cross-scale/human_data/pvt21.csv,True,
pvt21,Pankratz & van Tiel (2021),pvt21_043,tiny/imperceptible,tiny,imperceptible,tiny,imperceptible,adj,default,"The movement was tiny, but not imperceptible.",0.558823529,0.558823529,SI_rate,cross-scale/human_data/pvt21.csv,True,
pvt21,Pankratz & van Tiel (2021),pvt21_044,tough/impossible,tough,impossible,tough,impossible,adj,default,"The test was tough, but not impossible.",0.870967742,0.870967742,SI_rate,cross-scale/human_data/pvt21.csv,True,
pvt21,Pankratz & van Tiel (2021),pvt21_045,uncomfortable/painful,uncomfortable,painful,uncomfortable,painful,adj,default,"The conversation was uncomfortable, but not painful.",0.25,0.25,SI_rate,cross-scale/human_data/pvt21.csv,True,
pvt21,Pankratz & van Tiel (2021),pvt21_046,warm/hot,warm,hot,warm,hot,adj,default,"The engine was warm, but not hot.",0.380952381,0.380952381,SI_rate,cross-scale/human_data/pvt21.csv,True,
pvt21,Pankratz & van Tiel (2021),pvt21_047,weird/alien,weird,alien,weird,alien,adj,default,"The idea was weird, but not alien.",0.130434783,0.130434783,SI_rate,cross-scale/human_data/pvt21.csv,True,
pvt21,Pankratz & van Tiel (2021),pvt21_048,wet/sopping,wet,sopping,wet,sopping,adj,default,"His clothing was wet, but not sopping.",0.325,0.325,SI_rate,cross-scale/human_data/pvt21.csv,True,
pvt21,Pankratz & van Tiel (2021),pvt21_049,wonderful/perfect,wonderful,perfect,wonderful,perfect,adj,default,"His performance was wonderful, but not perfect.",0.135135135,0.135135135,SI_rate,cross-scale/human_data/pvt21.csv,True,
pvt21,Pankratz & van Tiel (2021),pvt21_050,wrong/evil,wrong,evil,wrong,evil,adj,default,"His choices were wrong, but not evil.",0.327586207,0.327586207,SI_rate,cross-scale/human_data/pvt21.csv,True,
rx22,Ronai & Xiang (2022),rx22_001,allowed/obligatory,allowed,obligatory,allowed,obligatory,adj,default,"Drinking is allowed, but not obligatory.",0.825,82.5,SI percent (Exp 1),cross-scale/human_data/rx22.csv,True,
rx22,Ronai & Xiang (2022),rx22_002,attractive/stunning,attractive,stunning,attractive,stunning,adj,default,"This model is attractive, but not stunning.",0.05,5.0,SI percent (Exp 1),cross-scale/human_data/rx22.csv,True,
rx22,Ronai & Xiang (2022),rx22_003,begin/complete,begin,complete,begin,complete,verb,default,"John began the race, but did not complete it.",0.2,20.0,SI percent (Exp 1),cross-scale/human_data/rx22.csv,True,
rx22,Ronai & Xiang (2022),rx22_004,believe/know,believe,know,believe,know,verb,default,"The teacher believes it is true, but does not know.",0.625,62.5,SI percent (Exp 1),cross-scale/human_data/rx22.csv,True,
rx22,Ronai & Xiang (2022),rx22_005,big/enormous,big,enormous,big,enormous,adj,default,"The elephant is big, but not enormous.",0.05,5.0,SI percent (Exp 1),cross-scale/human_data/rx22.csv,True,
rx22,Ronai & Xiang (2022),rx22_006,cool/cold,cool,cold,cool,cold,adj,default,"The weather is cool, but not cold.",0.425,42.5,SI percent (Exp 1),cross-scale/human_data/rx22.csv,True,
rx22,Ronai & Xiang (2022),rx22_007,damage/destroy,damage,destroy,damage,destroy,verb,default,"The machine might damage itself, but not destroy.",0.375,37.5,SI percent (Exp 1),cross-scale/human_data/rx22.csv,False,
rx22,Ronai & Xiang (2022),rx22_008,dark/black,dark,black,dark,black,adj,default,"The sky is dark, but not black.",0.275,27.5,SI percent (Exp 1),cross-scale/human_data/rx22.csv,True,
rx22,Ronai & Xiang (2022),rx22_009,difficult/impossible,difficult,impossible,difficult,impossible,adj,default,"The task is difficult, but not impossible.",0.7,70.0,SI percent (Exp 1),cross-scale/human_data/rx22.csv,True,
rx22,Ronai & Xiang (2022),rx22_010,dirty/filthy,dirty,filthy,dirty,filthy,adj,default,"Zack's carpet was dirty, but not filthy.",0.075,7.5,SI percent (Exp 1),cross-scale/human_data/rx22.csv,True,
rx22,Ronai & Xiang (2022),rx22_011,dislike/loathe,dislike,loathe,dislike,loathe,verb,default,"The doctor dislikes coffee, but does not loathe it.",0.225,22.5,SI percent (Exp 1),cross-scale/human_data/rx22.csv,True,
rx22,Ronai & Xiang (2022),rx22_012,double/triple,double,triple,double,triple,verb,default,"The sales will double, but not triple.",0.525,52.5,SI percent (Exp 1),cross-scale/human_data/rx22.csv,True,
rx22,Ronai & Xiang (2022),rx22_013,equally/more,equally,more,equally,more,adv,default,"That candidate is equally skilled, but not more.",0.675,67.5,SI percent (Exp 1),cross-scale/human_data/rx22.csv,True,
rx22,Ronai & Xiang (2022),rx22_014,funny/hilarious,funny,hilarious,funny,hilarious,adj,default,"The movie is funny, but not hilarious.",0.05,5.0,SI percent (Exp 1),cross-scale/human_data/rx22.csv,True,
rx22,Ronai & Xiang (2022),rx22_015,good/excellent,good,excellent,good,excellent,adj,default,"The movie is good, but not excellent.",0.3,30.0,SI percent (Exp 1),cross-scale/human_data/rx22.csv,True,
rx22,Ronai & Xiang (2022),rx22_016,happy/ecstatic,happy,ecstatic,happy,ecstatic,adj,default,"The winner was happy, but not ecstatic.",0.05,5.0,SI percent (Exp 1),cross-scale/human_data/rx22.csv,True,
rx22,Ronai & Xiang (2022),rx22_017,hard/unsolvable,hard,unsolvable,hard,unsolvable,adj,default,"The problem is hard, but not unsolvable.",0.575,57.5,SI percent (Exp 1),cross-scale/human_data/rx22.csv,True,
rx22,Ronai & Xiang (2022),rx22_018,harmful/deadly,harmful,deadly,harmful,deadly,adj,default,"The toxin is harmful, but not deadly.",0.2,20.0,SI percent (Exp 1),cross-scale/human_data/rx22.csv,True,
rx22,Ronai & Xiang (2022),rx22_019,here/everywhere,here,everywhere,here,everywhere,adv,default,"There is water here, but not everywhere.",0.5,50.0,SI percent (Exp 1),cross-scale/human_data/rx22.csv,True,
rx22,Ronai & Xiang (2022),rx22_020,hungry/starving,hungry,starving,hungry,starving,adj,default,"The boy is hungry, but not starving.",0.2,20.0,SI percent (Exp 1),cross-scale/human_data/rx22.csv,True,
rx22,Ronai & Xiang (2022),rx22_021,intelligent/brilliant,intelligent,brilliant,intelligent,brilliant,adj,default,"The student is intelligent, but not brilliant.",0.05,5.0,SI percent (Exp 1),cross-scale/human_data/rx22.csv,True,
rx22,Ronai & Xiang (2022),rx22_022,intimidating/terrifying,intimidating,terrifying,intimidating,terrifying,adj,default,"Chris's opponent was intimidating, but not terrifying.",0.175,17.5,SI percent (Exp 1),cross-scale/human_data/rx22.csv,True,
rx22,Ronai & Xiang (2022),rx22_023,largely/totally,largely,totally,largely,totally,adv,default,"The coast was largely flooded, but not totally.",0.7,70.0,SI percent (Exp 1),cross-scale/human_data/rx22.csv,True,
rx22,Ronai & Xiang (2022),rx22_024,like/love,like,love,like,love,verb,default,"The princess likes dancing, but does not love it.",0.1,10.0,SI percent (Exp 1),cross-scale/human_data/rx22.csv,True,
rx22,Ronai & Xiang (2022),rx22_025,match/exceed,match,exceed,match,exceed,verb,default,"Bill's score matches Al's, but does not exceed it.",0.875,87.5,SI percent (Exp 1),cross-scale/human_data/rx22.csv,True,
rx22,Ronai & Xiang (2022),rx22_026,mostly/entirely,mostly,entirely,mostly,entirely,adv,default,"Peter's answers were mostly wrong, but not entirely.",0.875,87.5,SI percent (Exp 1),cross-scale/human_data/rx22.csv,True,
rx22,Ronai & Xiang (2022),rx22_027,old/ancient,old,ancient,old,ancient,adj,default,"The house is old, but not ancient.",0.325,32.5,SI percent (Exp 1),cross-scale/human_data/rx22.csv,True,
rx22,Ronai & Xiang (2022),rx22_028,once/twice,once,twice,once,twice,adv,default,"Mistakes happened once, but not twice.",0.7,70.0,SI percent (Exp 1),cross-scale/human_data/rx22.csv,True,
rx22,Ronai & Xiang (2022),rx22_029,or/and,or,and,or,and,conj,default,"Everyone saw Wonder Woman or Batman, but not and.",0.25,25.0,SI percent (Exp 1),cross-scale/human_data/rx22.csv,False,
rx22,Ronai & Xiang (2022),rx22_030,overweight/obese,overweight,obese,overweight,obese,adj,default,"The teenager is overweight, but not obese.",0.1,10.0,SI percent (Exp 1),cross-scale/human_data/rx22.csv,True,
rx22,Ronai & Xiang (2022),rx22_031,overwhelmingly/unanimously,overwhelmingly,unanimously,overwhelmingly,unanimously,adv,default,"The measure was supported overwhelmingly, but not unanimously.",0.6,60.0,SI percent (Exp 1),cross-scale/human_data/rx22.csv,True,
rx22,Ronai & Xiang (2022),rx22_032,palatable/delicious,palatable,delicious,palatable,delicious,adj,default,"The wine is palatable, but not delicious.",0.475,47.5,SI percent (Exp 1),cross-scale/human_data/rx22.csv,True,
rx22,Ronai & Xiang (2022),rx22_033,partially/completely,partially,completely,partially,completely,adv,default,"The tank is partially full, but not completely.",0.95,95.0,SI percent (Exp 1),cross-scale/human_data/rx22.csv,True,
rx22,Ronai & Xiang (2022),rx22_034,permit/require,permit,require,permit,require,verb,default,"The club permits dancing, but does not require it.",0.65,65.0,SI percent (Exp 1),cross-scale/human_data/rx22.csv,True,
rx22,Ronai & Xiang (2022),rx22_035,polished/impeccable,polished,impeccable,polished,impeccable,adj,default,"Ann's speech was polished, but not impeccable.",0.05,5.0,SI percent (Exp 1),cross-scale/human_data/rx22.csv,True,
rx22,Ronai & Xiang (2022),rx22_036,possible/certain,possible,certain,possible,certain,adj,default,"Success is possible, but not certain.",0.825,82.5,SI percent (Exp 1),cross-scale/human_data/rx22.csv,True,
rx22,Ronai & Xiang (2022),rx22_037,pretty/beautiful,pretty,beautiful,pretty,beautiful,adj,default,"The girl is pretty, but not beautiful.",0.075,7.5,SI percent (Exp 1),cross-scale/human_data/rx22.csv,True,
rx22,Ronai & Xiang (2022),rx22_038,primarily/exclusively,primarily,exclusively,primarily,exclusively,adv,default,"The residents are primarily Greek, but not exclusively.",0.775,77.5,SI percent (Exp 1),cross-scale/human_data/rx22.csv,True,
rx22,Ronai & Xiang (2022),rx22_039,probably/necessarily,probably,necessarily,probably,necessarily,adv,default,"A delay will probably occur, but not necessarily.",0.55,55.0,SI percent (Exp 1),cross-scale/human_data/rx22.csv,True,
rx22,Ronai & Xiang (2022),rx22_040,reduce/eliminate,reduce,eliminate,reduce,eliminate,verb,default,"The city reduced waste, but did not eliminate it.",0.8,80.0,SI percent (Exp 1),cross-scale/human_data/rx22.csv,True,
rx22,Ronai & Xiang (2022),rx22_041,scared/petrified,scared,petrified,scared,petrified,adj,default,"Stu's daughter was scared, but not petrified.",0.025,2.5,SI percent (Exp 1),cross-scale/human_data/rx22.csv,True,
rx22,Ronai & Xiang (2022),rx22_042,serious/life-threatening,serious,life-threatening,serious,life-threatening,adj,default,"Kaye's illness was serious, but not life-threatening.",0.075,7.5,SI percent (Exp 1),cross-scale/human_data/rx22.csv,True,
rx22,Ronai & Xiang (2022),rx22_043,similar/identical,similar,identical,similar,identical,adj,default,"The two paintings are similar, but not identical.",0.725,72.5,SI percent (Exp 1),cross-scale/human_data/rx22.csv,True,
rx22,Ronai & Xiang (2022),rx22_044,slow/stop,slow,stop,slow,stop,verb,default,"The train slowed, but did not stop.",0.825,82.5,SI percent (Exp 1),cross-scale/human_data/rx22.csv,True,
rx22,Ronai & Xiang (2022),rx22_045,small/tiny,small,tiny,small,tiny,adj,default,"The fish is small, but not tiny.",0.175,17.5,SI percent (Exp 1),cross-scale/human_data/rx22.csv,True,
rx22,Ronai & Xiang (2022),rx22_046,snug/tight,snug,tight,snug,tight,adj,default,"The shirt is snug, but not tight.",0.1,10.0,SI percent (Exp 1),cross-scale/human_data/rx22.csv,True,
rx22,Ronai & Xiang (2022),rx22_047,some/all,some,all,some,all,det,default,"Cecilia trusts some politicians, but not all.",0.925,92.5,SI percent (Exp 1),cross-scale/human_data/rx22.csv,False,
rx22,Ronai & Xiang (2022),rx22_048,start/finish,start,finish,start,finish,verb,default,"The runner started, but did not finish.",0.275,27.5,SI percent (Exp 1),cross-scale/human_data/rx22.csv,True,
rx22,Ronai & Xiang (2022),rx22_049,survive/thrive,survive,thrive,survive,thrive,verb,default,"The plant survived, but did not thrive.",0.25,25.0,SI percent (Exp 1),cross-scale/human_data/rx22.csv,True,
rx22,Ronai & Xiang (2022),rx22_050,tired/exhausted,tired,exhausted,tired,exhausted,adj,default,"The worker is tired, but not exhausted.",0.025,2.5,SI percent (Exp 1),cross-scale/human_data/rx22.csv,True,
rx22,Ronai & Xiang (2022),rx22_051,tolerate/encourage,tolerate,encourage,tolerate,encourage,verb,default,"Joey's parents tolerate dating, but do not encourage it.",0.65,65.0,SI percent (Exp 1),cross-scale/human_data/rx22.csv,True,
rx22,Ronai & Xiang (2022),rx22_052,try/succeed,try,succeed,try,succeed,verb,default,"The candidate tried, but did not succeed.",0.775,77.5,SI percent (Exp 1),cross-scale/human_data/rx22.csv,True,
rx22,Ronai & Xiang (2022),rx22_053,ugly/hideous,ugly,hideous,ugly,hideous,adj,default,"The wallpaper is ugly, but not hideous.",0.05,5.0,SI percent (Exp 1),cross-scale/human_data/rx22.csv,True,
rx22,Ronai & Xiang (2022),rx22_054,understandable/articulate,understandable,articulate,understandable,articulate,adj,default,"Tom's interview was understandable, but not articulate.",0.1,10.0,SI percent (Exp 1),cross-scale/human_data/rx22.csv,True,
rx22,Ronai & Xiang (2022),rx22_055,unpleasant/disgusting,unpleasant,disgusting,unpleasant,disgusting,adj,default,"Tim's bathroom was unpleasant, but not disgusting.",0.05,5.0,SI percent (Exp 1),cross-scale/human_data/rx22.csv,True,
rx22,Ronai & Xiang (2022),rx22_056,usually/always,usually,always,usually,always,adv,default,"The lawyer is usually early, but not always.",0.65,65.0,SI percent (Exp 1),cross-scale/human_data/rx22.csv,True,
rx22,Ronai & Xiang (2022),rx22_057,want/need,want,need,want,need,verb,default,"Phoebe wants a car, but does not need one.",0.15,15.0,SI percent (Exp 1),cross-scale/human_data/rx22.csv,True,
rx22,Ronai & Xiang (2022),rx22_058,warm/hot,warm,hot,warm,hot,adj,default,"The wather is warm, but not hot.",0.4,40.0,SI percent (Exp 1),cross-scale/human_data/rx22.csv,True,
rx22,Ronai & Xiang (2022),rx22_059,well/superbly,well,superbly,well,superbly,adv,default,"The rehearsal went well, but not superbly.",0.125,12.5,SI percent (Exp 1),cross-scale/human_data/rx22.csv,True,
rx22,Ronai & Xiang (2022),rx22_060,willing/eager,willing,eager,willing,eager,adj,default,"The waiter is willing, but not eager.",0.075,7.5,SI percent (Exp 1),cross-scale/human_data/rx22.csv,True,
vt16,van Tiel et al. (2016),vt16_001_template1,adequate/good,adequate,good,adequate,good,adj,1,"the food is adequate, but not good.",0.32,32.0,si_nonneutral,cross-scale/human_data/vt16.csv,True,van Tiel non-neutral template used by Hu et al. cross-scale analysis
vt16,van Tiel et al. (2016),vt16_001_template2,adequate/good,adequate,good,adequate,good,adj,2,"the salary is adequate, but not good.",0.32,32.0,si_nonneutral,cross-scale/human_data/vt16.csv,True,van Tiel non-neutral template used by Hu et al. cross-scale analysis
vt16,van Tiel et al. (2016),vt16_001_template3,adequate/good,adequate,good,adequate,good,adj,3,"the solution is adequate, but not good.",0.32,32.0,si_nonneutral,cross-scale/human_data/vt16.csv,True,van Tiel non-neutral template used by Hu et al. cross-scale analysis
vt16,van Tiel et al. (2016),vt16_002_template1,allowed/obligatory,allowed,obligatory,allowed,obligatory,adj,1,"copying is allowed, but not obligatory.",0.82,82.0,si_nonneutral,cross-scale/human_data/vt16.csv,True,van Tiel non-neutral template used by Hu et al. cross-scale analysis
vt16,van Tiel et al. (2016),vt16_002_template2,allowed/obligatory,allowed,obligatory,allowed,obligatory,adj,2,"drinking is allowed, but not obligatory.",0.82,82.0,si_nonneutral,cross-scale/human_data/vt16.csv,True,van Tiel non-neutral template used by Hu et al. cross-scale analysis
vt16,van Tiel et al. (2016),vt16_002_template3,allowed/obligatory,allowed,obligatory,allowed,obligatory,adj,3,"talking is allowed, but not obligatory.",0.82,82.0,si_nonneutral,cross-scale/human_data/vt16.csv,True,van Tiel non-neutral template used by Hu et al. cross-scale analysis
vt16,van Tiel et al. (2016),vt16_003_template1,attractive/stunning,attractive,stunning,attractive,stunning,adj,1,"that nurse is attractive, but not stunning.",0.21,21.0,si_nonneutral,cross-scale/human_data/vt16.csv,True,van Tiel non-neutral template used by Hu et al. cross-scale analysis
vt16,van Tiel et al. (2016),vt16_003_template2,attractive/stunning,attractive,stunning,attractive,stunning,adj,2,"this model is attractive, but not stunning.",0.21,21.0,si_nonneutral,cross-scale/human_data/vt16.csv,True,van Tiel non-neutral template used by Hu et al. cross-scale analysis
vt16,van Tiel et al. (2016),vt16_003_template3,attractive/stunning,attractive,stunning,attractive,stunning,adj,3,"the singer is attractive, but not stunning.",0.21,21.0,si_nonneutral,cross-scale/human_data/vt16.csv,True,van Tiel non-neutral template used by Hu et al. cross-scale analysis
vt16,van Tiel et al. (2016),vt16_004_template1,believe/know,believe,know,believes,knows,verb,1,"the student believes it, but does not know it.",0.61,61.0,si_nonneutral,cross-scale/human_data/vt16.csv,True,van Tiel non-neutral template used by Hu et al. cross-scale analysis
vt16,van Tiel et al. (2016),vt16_004_template2,believe/know,believe,know,believes,knows,verb,2,"the mother believes it, but does not know it.",0.61,61.0,si_nonneutral,cross-scale/human_data/vt16.csv,True,van Tiel non-neutral template used by Hu et al. cross-scale analysis
vt16,van Tiel et al. (2016),vt16_004_template3,believe/know,believe,know,believes,knows,verb,3,"the teacher believes it, but does not know it.",0.61,61.0,si_nonneutral,cross-scale/human_data/vt16.csv,True,van Tiel non-neutral template used by Hu et al. cross-scale analysis
vt16,van Tiel et al. (2016),vt16_005_template1,big/enormous,big,enormous,big,enormous,adj,1,"that elephant is big, but not enormous.",0.21,21.0,si_nonneutral,cross-scale/human_data/vt16.csv,True,van Tiel non-neutral template used by Hu et al. cross-scale analysis
vt16,van Tiel et al. (2016),vt16_005_template2,big/enormous,big,enormous,big,enormous,adj,2,"the house is big, but not enormous.",0.21,21.0,si_nonneutral,cross-scale/human_data/vt16.csv,True,van Tiel non-neutral template used by Hu et al. cross-scale analysis
vt16,van Tiel et al. (2016),vt16_005_template3,big/enormous,big,enormous,big,enormous,adj,3,"that tree is big, but not enormous.",0.21,21.0,si_nonneutral,cross-scale/human_data/vt16.csv,True,van Tiel non-neutral template used by Hu et al. cross-scale analysis
vt16,van Tiel et al. (2016),vt16_006_template1,cheap/free,cheap,free,cheap,free,adj,1,"the water is cheap, but not free.",0.93,93.0,si_nonneutral,cross-scale/human_data/vt16.csv,True,van Tiel non-neutral template used by Hu et al. cross-scale analysis
vt16,van Tiel et al. (2016),vt16_006_template2,cheap/free,cheap,free,cheap,free,adj,2,"the electricity is cheap, but not free.",0.93,93.0,si_nonneutral,cross-scale/human_data/vt16.csv,True,van Tiel non-neutral template used by Hu et al. cross-scale analysis
vt16,van Tiel et al. (2016),vt16_006_template3,cheap/free,cheap,free,cheap,free,adj,3,"the food is cheap, but not free.",0.93,93.0,si_nonneutral,cross-scale/human_data/vt16.csv,True,van Tiel non-neutral template used by Hu et al. cross-scale analysis
vt16,van Tiel et al. (2016),vt16_007_template1,content/happy,content,happy,content,happy,adj,1,"this child is content, but not happy.",0.04,4.0,si_nonneutral,cross-scale/human_data/vt16.csv,True,van Tiel non-neutral template used by Hu et al. cross-scale analysis
vt16,van Tiel et al. (2016),vt16_007_template2,content/happy,content,happy,content,happy,adj,2,"the homemaker is content, but not happy.",0.04,4.0,si_nonneutral,cross-scale/human_data/vt16.csv,True,van Tiel non-neutral template used by Hu et al. cross-scale analysis
vt16,van Tiel et al. (2016),vt16_007_template3,content/happy,content,happy,content,happy,adj,3,"the musician is content, but not happy.",0.04,4.0,si_nonneutral,cross-scale/human_data/vt16.csv,True,van Tiel non-neutral template used by Hu et al. cross-scale analysis
vt16,van Tiel et al. (2016),vt16_008_template1,cool/cold,cool,cold,cool,cold,adj,1,"the air is cool, but not cold.",0.46,46.0,si_nonneutral,cross-scale/human_data/vt16.csv,True,van Tiel non-neutral template used by Hu et al. cross-scale analysis
vt16,van Tiel et al. (2016),vt16_008_template2,cool/cold,cool,cold,cool,cold,adj,2,"the weather is cool, but not cold.",0.46,46.0,si_nonneutral,cross-scale/human_data/vt16.csv,True,van Tiel non-neutral template used by Hu et al. cross-scale analysis
vt16,van Tiel et al. (2016),vt16_008_template3,cool/cold,cool,cold,cool,cold,adj,3,"the room is cool, but not cold.",0.46,46.0,si_nonneutral,cross-scale/human_data/vt16.csv,True,van Tiel non-neutral template used by Hu et al. cross-scale analysis
vt16,van Tiel et al. (2016),vt16_009_template1,dark/black,dark,black,dark,black,adj,1,"that fabric is dark, but not black.",0.29,29.0,si_nonneutral,cross-scale/human_data/vt16.csv,True,van Tiel non-neutral template used by Hu et al. cross-scale analysis
vt16,van Tiel et al. (2016),vt16_009_template2,dark/black,dark,black,dark,black,adj,2,"the sky is dark, but not black.",0.29,29.0,si_nonneutral,cross-scale/human_data/vt16.csv,True,van Tiel non-neutral template used by Hu et al. cross-scale analysis
vt16,van Tiel et al. (2016),vt16_009_template3,dark/black,dark,black,dark,black,adj,3,"the shirt is dark, but not black.",0.29,29.0,si_nonneutral,cross-scale/human_data/vt16.csv,True,van Tiel non-neutral template used by Hu et al. cross-scale analysis
vt16,van Tiel et al. (2016),vt16_010_template1,difficult/impossible,difficult,impossible,difficult,impossible,adj,1,"the task is difficult, but not impossible.",0.96,96.0,si_nonneutral,cross-scale/human_data/vt16.csv,True,van Tiel non-neutral template used by Hu et al. cross-scale analysis
vt16,van Tiel et al. (2016),vt16_010_template2,difficult/impossible,difficult,impossible,difficult,impossible,adj,2,"the journey is difficult, but not impossible.",0.96,96.0,si_nonneutral,cross-scale/human_data/vt16.csv,True,van Tiel non-neutral template used by Hu et al. cross-scale analysis
vt16,van Tiel et al. (2016),vt16_010_template3,difficult/impossible,difficult,impossible,difficult,impossible,adj,3,"the problem is difficult, but not impossible.",0.96,96.0,si_nonneutral,cross-scale/human_data/vt16.csv,True,van Tiel non-neutral template used by Hu et al. cross-scale analysis
vt16,van Tiel et al. (2016),vt16_011_template1,dislike/loathe,dislike,loathe,dislikes,loathes,verb,1,"the boy dislikes broccoli, but does not loathe it.",0.18,18.0,si_nonneutral,cross-scale/human_data/vt16.csv,True,van Tiel non-neutral template used by Hu et al. cross-scale analysis
vt16,van Tiel et al. (2016),vt16_011_template2,dislike/loathe,dislike,loathe,dislikes,loathes,verb,2,"the teacher dislikes fighting, but does not loathe it.",0.18,18.0,si_nonneutral,cross-scale/human_data/vt16.csv,True,van Tiel non-neutral template used by Hu et al. cross-scale analysis
vt16,van Tiel et al. (2016),vt16_011_template3,dislike/loathe,dislike,loathe,dislikes,loathes,verb,3,"the doctors dislike coffee, but do not loathe it.",0.18,18.0,si_nonneutral,cross-scale/human_data/vt16.csv,True,van Tiel non-neutral template used by Hu et al. cross-scale analysis
vt16,van Tiel et al. (2016),vt16_012_template1,few/none,few,none,few,none,quant,1,"the biologist saw few of the birds, but not none of them.",0.54,54.0,si_nonneutral,cross-scale/human_data/vt16.csv,False,van Tiel non-neutral template used by Hu et al. cross-scale analysis
vt16,van Tiel et al. (2016),vt16_012_template2,few/none,few,none,few,none,quant,2,"the cop saw few of the children, but not none of them.",0.54,54.0,si_nonneutral,cross-scale/human_data/vt16.csv,False,van Tiel non-neutral template used by Hu et al. cross-scale analysis
vt16,van Tiel et al. (2016),vt16_012_template3,few/none,few,none,few,none,quant,3,"the observer saw few of the stars, but not none of them.",0.54,54.0,si_nonneutral,cross-scale/human_data/vt16.csv,False,van Tiel non-neutral template used by Hu et al. cross-scale analysis
vt16,van Tiel et al. (2016),vt16_013_template1,funny/hilarious,funny,hilarious,funny,hilarious,adj,1,"this joke is funny, but not hilarious.",0.29,29.0,si_nonneutral,cross-scale/human_data/vt16.csv,True,van Tiel non-neutral template used by Hu et al. cross-scale analysis
vt16,van Tiel et al. (2016),vt16_013_template2,funny/hilarious,funny,hilarious,funny,hilarious,adj,2,"the play is funny, but not hilarious.",0.29,29.0,si_nonneutral,cross-scale/human_data/vt16.csv,True,van Tiel non-neutral template used by Hu et al. cross-scale analysis
vt16,van Tiel et al. (2016),vt16_013_template3,funny/hilarious,funny,hilarious,funny,hilarious,adj,3,"this movie is funny, but not hilarious.",0.29,29.0,si_nonneutral,cross-scale/human_data/vt16.csv,True,van Tiel non-neutral template used by Hu et al. cross-scale analysis
vt16,van Tiel et al. (2016),vt16_015_template1,good/excellent,good,excellent,good,excellent,adj,1,"the food is good, but not excellent.",0.32,32.0,si_nonneutral,cross-scale/human_data/vt16.csv,True,van Tiel non-neutral template used by Hu et al. cross-scale analysis
vt16,van Tiel et al. (2016),vt16_015_template2,good/excellent,good,excellent,good,excellent,adj,2,"that movie is good, but not excellent.",0.32,32.0,si_nonneutral,cross-scale/human_data/vt16.csv,True,van Tiel non-neutral template used by Hu et al. cross-scale analysis
vt16,van Tiel et al. (2016),vt16_015_template3,good/excellent,good,excellent,good,excellent,adj,3,"this sandwich is good, but not excellent.",0.32,32.0,si_nonneutral,cross-scale/human_data/vt16.csv,True,van Tiel non-neutral template used by Hu et al. cross-scale analysis
vt16,van Tiel et al. (2016),vt16_014_template1,good/perfect,good,perfect,good,perfect,adj,1,"the layout is good, but not perfect.",0.39,39.0,si_nonneutral,cross-scale/human_data/vt16.csv,True,van Tiel non-neutral template used by Hu et al. cross-scale analysis
vt16,van Tiel et al. (2016),vt16_014_template2,good/perfect,good,perfect,good,perfect,adj,2,"this solution is good, but not perfect.",0.39,39.0,si_nonneutral,cross-scale/human_data/vt16.csv,True,van Tiel non-neutral template used by Hu et al. cross-scale analysis
vt16,van Tiel et al. (2016),vt16_014_template3,good/perfect,good,perfect,good,perfect,adj,3,"that answer is good, but not perfect.",0.39,39.0,si_nonneutral,cross-scale/human_data/vt16.csv,True,van Tiel non-neutral template used by Hu et al. cross-scale analysis
vt16,van Tiel et al. (2016),vt16_016_template1,hard/unsolvable,hard,unsolvable,hard,unsolvable,adj,1,"that problem is hard, but not unsolvable.",0.71,71.0,si_nonneutral,cross-scale/human_data/vt16.csv,True,van Tiel non-neutral template used by Hu et al. cross-scale analysis
vt16,van Tiel et al. (2016),vt16_016_template2,hard/unsolvable,hard,unsolvable,hard,unsolvable,adj,2,"the issue is hard, but not unsolvable.",0.71,71.0,si_nonneutral,cross-scale/human_data/vt16.csv,True,van Tiel non-neutral template used by Hu et al. cross-scale analysis
vt16,van Tiel et al. (2016),vt16_016_template3,hard/unsolvable,hard,unsolvable,hard,unsolvable,adj,3,"the puzzle is hard, but not unsolvable.",0.71,71.0,si_nonneutral,cross-scale/human_data/vt16.csv,True,van Tiel non-neutral template used by Hu et al. cross-scale analysis
vt16,van Tiel et al. (2016),vt16_017_template1,hungry/starving,hungry,starving,hungry,starving,adj,1,"the boy is hungry, but not starving.",0.25,25.0,si_nonneutral,cross-scale/human_data/vt16.csv,True,van Tiel non-neutral template used by Hu et al. cross-scale analysis
vt16,van Tiel et al. (2016),vt16_017_template2,hungry/starving,hungry,starving,hungry,starving,adj,2,"the dog is hungry, but not starving.",0.25,25.0,si_nonneutral,cross-scale/human_data/vt16.csv,True,van Tiel non-neutral template used by Hu et al. cross-scale analysis
vt16,van Tiel et al. (2016),vt16_017_template3,hungry/starving,hungry,starving,hungry,starving,adj,3,"the elephant is hungry, but not starving.",0.25,25.0,si_nonneutral,cross-scale/human_data/vt16.csv,True,van Tiel non-neutral template used by Hu et al. cross-scale analysis
vt16,van Tiel et al. (2016),vt16_018_template1,intelligent/brilliant,intelligent,brilliant,intelligent,brilliant,adj,1,"the assistant is intelligent, but not brilliant.",0.07,7.0,si_nonneutral,cross-scale/human_data/vt16.csv,True,van Tiel non-neutral template used by Hu et al. cross-scale analysis
vt16,van Tiel et al. (2016),vt16_018_template2,intelligent/brilliant,intelligent,brilliant,intelligent,brilliant,adj,2,"that professor is intelligent, but not brilliant.",0.07,7.0,si_nonneutral,cross-scale/human_data/vt16.csv,True,van Tiel non-neutral template used by Hu et al. cross-scale analysis
vt16,van Tiel et al. (2016),vt16_018_template3,intelligent/brilliant,intelligent,brilliant,intelligent,brilliant,adj,3,"this student is intelligent, but not brilliant.",0.07,7.0,si_nonneutral,cross-scale/human_data/vt16.csv,True,van Tiel non-neutral template used by Hu et al. cross-scale analysis
vt16,van Tiel et al. (2016),vt16_019_template1,like/love,like,love,likes,loves,verb,1,"the princess likes dancing, but does not love it.",0.25,25.0,si_nonneutral,cross-scale/human_data/vt16.csv,True,van Tiel non-neutral template used by Hu et al. cross-scale analysis
vt16,van Tiel et al. (2016),vt16_019_template2,like/love,like,love,likes,loves,verb,2,"the actress likes the movie, but does not love it.",0.25,25.0,si_nonneutral,cross-scale/human_data/vt16.csv,True,van Tiel non-neutral template used by Hu et al. cross-scale analysis
vt16,van Tiel et al. (2016),vt16_019_template3,like/love,like,love,likes,loves,verb,3,"the manager likes spaghetti, but does not love it.",0.25,25.0,si_nonneutral,cross-scale/human_data/vt16.csv,True,van Tiel non-neutral template used by Hu et al. cross-scale analysis
vt16,van Tiel et al. (2016),vt16_020_template1,low/depleted,low,depleted,low,depleted,adj,1,"the energy is low, but not depleted.",0.79,79.0,si_nonneutral,cross-scale/human_data/vt16.csv,True,van Tiel non-neutral template used by Hu et al. cross-scale analysis
vt16,van Tiel et al. (2016),vt16_020_template2,low/depleted,low,depleted,low,depleted,adj,2,"this battery is low, but not depleted.",0.79,79.0,si_nonneutral,cross-scale/human_data/vt16.csv,True,van Tiel non-neutral template used by Hu et al. cross-scale analysis
vt16,van Tiel et al. (2016),vt16_020_template3,low/depleted,low,depleted,low,depleted,adj,3,"the gas is low, but not depleted.",0.79,79.0,si_nonneutral,cross-scale/human_data/vt16.csv,True,van Tiel non-neutral template used by Hu et al. cross-scale analysis
vt16,van Tiel et al. (2016),vt16_022_template1,may/have to,may,have to,may,has to,verb,1,"the child may eat an apple it, but does not have to.",0.71,71.0,si_nonneutral,cross-scale/human_data/vt16.csv,True,van Tiel non-neutral template used by Hu et al. cross-scale analysis
vt16,van Tiel et al. (2016),vt16_022_template2,may/have to,may,have to,may,has to,verb,2,"the boy may watch television, but does not have to.",0.71,71.0,si_nonneutral,cross-scale/human_data/vt16.csv,True,van Tiel non-neutral template used by Hu et al. cross-scale analysis
vt16,van Tiel et al. (2016),vt16_022_template3,may/have to,may,have to,may,has to,verb,3,"the dog may sleep on the bed, but does not have to.",0.71,71.0,si_nonneutral,cross-scale/human_data/vt16.csv,True,van Tiel non-neutral template used by Hu et al. cross-scale analysis
vt16,van Tiel et al. (2016),vt16_021_template1,may/will,may,will,may,will,verb,1,"this lawyer may appear in person, but will not.",0.89,89.0,si_nonneutral,cross-scale/human_data/vt16.csv,True,van Tiel non-neutral template used by Hu et al. cross-scale analysis
vt16,van Tiel et al. (2016),vt16_021_template2,may/will,may,will,may,will,verb,2,"the teacher may come, but will not.",0.89,89.0,si_nonneutral,cross-scale/human_data/vt16.csv,True,van Tiel non-neutral template used by Hu et al. cross-scale analysis
vt16,van Tiel et al. (2016),vt16_021_template3,may/will,may,will,may,will,verb,3,"the student may pass, but will not.",0.89,89.0,si_nonneutral,cross-scale/human_data/vt16.csv,True,van Tiel non-neutral template used by Hu et al. cross-scale analysis
vt16,van Tiel et al. (2016),vt16_023_template1,memorable/unforgettable,memorable,unforgettable,memorable,unforgettable,adj,1,"this party is memorable, but not unforgettable.",0.54,54.0,si_nonneutral,cross-scale/human_data/vt16.csv,True,van Tiel non-neutral template used by Hu et al. cross-scale analysis
vt16,van Tiel et al. (2016),vt16_023_template2,memorable/unforgettable,memorable,unforgettable,memorable,unforgettable,adj,2,"the view is memorable, but not unforgettable.",0.54,54.0,si_nonneutral,cross-scale/human_data/vt16.csv,True,van Tiel non-neutral template used by Hu et al. cross-scale analysis
vt16,van Tiel et al. (2016),vt16_023_template3,memorable/unforgettable,memorable,unforgettable,memorable,unforgettable,adj,3,"this movie is memorable, but not unforgettable.",0.54,54.0,si_nonneutral,cross-scale/human_data/vt16.csv,True,van Tiel non-neutral template used by Hu et al. cross-scale analysis
vt16,van Tiel et al. (2016),vt16_024_template1,old/ancient,old,ancient,old,ancient,adj,1,"that house is old, but not ancient.",0.36,36.0,si_nonneutral,cross-scale/human_data/vt16.csv,True,van Tiel non-neutral template used by Hu et al. cross-scale analysis
vt16,van Tiel et al. (2016),vt16_024_template2,old/ancient,old,ancient,old,ancient,adj,2,"that mirror is old, but not ancient.",0.36,36.0,si_nonneutral,cross-scale/human_data/vt16.csv,True,van Tiel non-neutral template used by Hu et al. cross-scale analysis
vt16,van Tiel et al. (2016),vt16_024_template3,old/ancient,old,ancient,old,ancient,adj,3,"that table is old, but not ancient.",0.36,36.0,si_nonneutral,cross-scale/human_data/vt16.csv,True,van Tiel non-neutral template used by Hu et al. cross-scale analysis
vt16,van Tiel et al. (2016),vt16_025_template1,palatable/delicious,palatable,delicious,palatable,delicious,adj,1,"the food is palatable, but not delicious.",0.61,61.0,si_nonneutral,cross-scale/human_data/vt16.csv,True,van Tiel non-neutral template used by Hu et al. cross-scale analysis
vt16,van Tiel et al. (2016),vt16_025_template2,palatable/delicious,palatable,delicious,palatable,delicious,adj,2,"that wine is palatable, but not delicious.",0.61,61.0,si_nonneutral,cross-scale/human_data/vt16.csv,True,van Tiel non-neutral template used by Hu et al. cross-scale analysis
vt16,van Tiel et al. (2016),vt16_025_template3,palatable/delicious,palatable,delicious,palatable,delicious,adj,3,"the dessert is palatable, but not delicious.",0.61,61.0,si_nonneutral,cross-scale/human_data/vt16.csv,True,van Tiel non-neutral template used by Hu et al. cross-scale analysis
vt16,van Tiel et al. (2016),vt16_026_template1,participate/win,participate,win,participated,won,verb,1,"the freshman participated, but did not win.",0.18,18.0,si_nonneutral,cross-scale/human_data/vt16.csv,True,van Tiel non-neutral template used by Hu et al. cross-scale analysis
vt16,van Tiel et al. (2016),vt16_026_template2,participate/win,participate,win,participated,won,verb,2,"the runner participated, but did not win.",0.18,18.0,si_nonneutral,cross-scale/human_data/vt16.csv,True,van Tiel non-neutral template used by Hu et al. cross-scale analysis
vt16,van Tiel et al. (2016),vt16_026_template3,participate/win,participate,win,participated,won,verb,3,"the skier participated, but did not win.",0.18,18.0,si_nonneutral,cross-scale/human_data/vt16.csv,True,van Tiel non-neutral template used by Hu et al. cross-scale analysis
vt16,van Tiel et al. (2016),vt16_027_template1,possible/certain,possible,certain,possible,certain,adj,1,"happiness is possible, but not certain.",0.93,93.0,si_nonneutral,cross-scale/human_data/vt16.csv,True,van Tiel non-neutral template used by Hu et al. cross-scale analysis
vt16,van Tiel et al. (2016),vt16_027_template2,possible/certain,possible,certain,possible,certain,adj,2,"failing is possible, but not certain.",0.93,93.0,si_nonneutral,cross-scale/human_data/vt16.csv,True,van Tiel non-neutral template used by Hu et al. cross-scale analysis
vt16,van Tiel et al. (2016),vt16_027_template3,possible/certain,possible,certain,possible,certain,adj,3,"success is possible, but not certain.",0.93,93.0,si_nonneutral,cross-scale/human_data/vt16.csv,True,van Tiel non-neutral template used by Hu et al. cross-scale analysis
vt16,van Tiel et al. (2016),vt16_028_template1,pretty/beautiful,pretty,beautiful,pretty,beautiful,adj,1,"this model is pretty, but not beautiful.",0.11,11.0,si_nonneutral,cross-scale/human_data/vt16.csv,True,van Tiel non-neutral template used by Hu et al. cross-scale analysis
vt16,van Tiel et al. (2016),vt16_028_template2,pretty/beautiful,pretty,beautiful,pretty,beautiful,adj,2,"that lady is pretty, but not beautiful.",0.11,11.0,si_nonneutral,cross-scale/human_data/vt16.csv,True,van Tiel non-neutral template used by Hu et al. cross-scale analysis
vt16,van Tiel et al. (2016),vt16_028_template3,pretty/beautiful,pretty,beautiful,pretty,beautiful,adj,3,"the girl is pretty, but not beautiful.",0.11,11.0,si_nonneutral,cross-scale/human_data/vt16.csv,True,van Tiel non-neutral template used by Hu et al. cross-scale analysis
vt16,van Tiel et al. (2016),vt16_029_template1,rare/extinct,rare,extinct,rare,extinct,adj,1,"that plant is rare, but not extinct.",0.79,79.0,si_nonneutral,cross-scale/human_data/vt16.csv,True,van Tiel non-neutral template used by Hu et al. cross-scale analysis
vt16,van Tiel et al. (2016),vt16_029_template2,rare/extinct,rare,extinct,rare,extinct,adj,2,"this bird is rare, but not extinct.",0.79,79.0,si_nonneutral,cross-scale/human_data/vt16.csv,True,van Tiel non-neutral template used by Hu et al. cross-scale analysis
vt16,van Tiel et al. (2016),vt16_029_template3,rare/extinct,rare,extinct,rare,extinct,adj,3,"this fish is rare, but not extinct.",0.79,79.0,si_nonneutral,cross-scale/human_data/vt16.csv,True,van Tiel non-neutral template used by Hu et al. cross-scale analysis
vt16,van Tiel et al. (2016),vt16_030_template1,scarce/unavailable,scarce,unavailable,scarce,unavailable,adj,1,"this recording is scarce, but not unavailable.",0.57,57.0,si_nonneutral,cross-scale/human_data/vt16.csv,True,van Tiel non-neutral template used by Hu et al. cross-scale analysis
vt16,van Tiel et al. (2016),vt16_030_template2,scarce/unavailable,scarce,unavailable,scarce,unavailable,adj,2,"this resource is scarce, but not unavailable.",0.57,57.0,si_nonneutral,cross-scale/human_data/vt16.csv,True,van Tiel non-neutral template used by Hu et al. cross-scale analysis
vt16,van Tiel et al. (2016),vt16_030_template3,scarce/unavailable,scarce,unavailable,scarce,unavailable,adj,3,"this mineral is scarce, but not unavailable.",0.57,57.0,si_nonneutral,cross-scale/human_data/vt16.csv,True,van Tiel non-neutral template used by Hu et al. cross-scale analysis
vt16,van Tiel et al. (2016),vt16_031_template1,silly/ridiculous,silly,ridiculous,silly,ridiculous,adj,1,"that song is silly, but not ridiculous.",0.14,14.0,si_nonneutral,cross-scale/human_data/vt16.csv,True,van Tiel non-neutral template used by Hu et al. cross-scale analysis
vt16,van Tiel et al. (2016),vt16_031_template2,silly/ridiculous,silly,ridiculous,silly,ridiculous,adj,2,"that joke is silly, but not ridiculous.",0.14,14.0,si_nonneutral,cross-scale/human_data/vt16.csv,True,van Tiel non-neutral template used by Hu et al. cross-scale analysis
vt16,van Tiel et al. (2016),vt16_031_template3,silly/ridiculous,silly,ridiculous,silly,ridiculous,adj,3,"that question is silly, but not ridiculous.",0.14,14.0,si_nonneutral,cross-scale/human_data/vt16.csv,True,van Tiel non-neutral template used by Hu et al. cross-scale analysis
vt16,van Tiel et al. (2016),vt16_032_template1,small/tiny,small,tiny,small,tiny,adj,1,"the room is small, but not tiny.",0.25,25.0,si_nonneutral,cross-scale/human_data/vt16.csv,True,van Tiel non-neutral template used by Hu et al. cross-scale analysis
vt16,van Tiel et al. (2016),vt16_032_template2,small/tiny,small,tiny,small,tiny,adj,2,"the car is small, but not tiny.",0.25,25.0,si_nonneutral,cross-scale/human_data/vt16.csv,True,van Tiel non-neutral template used by Hu et al. cross-scale analysis
vt16,van Tiel et al. (2016),vt16_032_template3,small/tiny,small,tiny,small,tiny,adj,3,"this fish is small, but not tiny.",0.25,25.0,si_nonneutral,cross-scale/human_data/vt16.csv,True,van Tiel non-neutral template used by Hu et al. cross-scale analysis
vt16,van Tiel et al. (2016),vt16_033_template1,snug/tight,snug,tight,snug,tight,adj,1,"the shirt is snug, but not tight.",0.21,21.0,si_nonneutral,cross-scale/human_data/vt16.csv,True,van Tiel non-neutral template used by Hu et al. cross-scale analysis
vt16,van Tiel et al. (2016),vt16_033_template2,snug/tight,snug,tight,snug,tight,adj,2,"that dress is snug, but not tight.",0.21,21.0,si_nonneutral,cross-scale/human_data/vt16.csv,True,van Tiel non-neutral template used by Hu et al. cross-scale analysis
vt16,van Tiel et al. (2016),vt16_033_template3,snug/tight,snug,tight,snug,tight,adj,3,"this glove is snug, but not tight.",0.21,21.0,si_nonneutral,cross-scale/human_data/vt16.csv,True,van Tiel non-neutral template used by Hu et al. cross-scale analysis
vt16,van Tiel et al. (2016),vt16_034_template1,some/all,some,all,some,all,quant,1,"the bartender saw some of the cars, but not all of them.",0.89,89.0,si_nonneutral,cross-scale/human_data/vt16.csv,False,van Tiel non-neutral template used by Hu et al. cross-scale analysis
vt16,van Tiel et al. (2016),vt16_034_template2,some/all,some,all,some,all,quant,2,"the nurse saw some of the signs, but not all of them.",0.89,89.0,si_nonneutral,cross-scale/human_data/vt16.csv,False,van Tiel non-neutral template used by Hu et al. cross-scale analysis
vt16,van Tiel et al. (2016),vt16_034_template3,some/all,some,all,some,all,quant,3,"the mathematician saw some of the issues, but not all of them.",0.89,89.0,si_nonneutral,cross-scale/human_data/vt16.csv,False,van Tiel non-neutral template used by Hu et al. cross-scale analysis
vt16,van Tiel et al. (2016),vt16_035_template1,sometimes/always,sometimes,always,sometimes,always,adv,1,"the assistant is sometimes angry, but not always.",0.86,86.0,si_nonneutral,cross-scale/human_data/vt16.csv,True,van Tiel non-neutral template used by Hu et al. cross-scale analysis
vt16,van Tiel et al. (2016),vt16_035_template2,sometimes/always,sometimes,always,sometimes,always,adv,2,"the director is sometimes late, but not always.",0.86,86.0,si_nonneutral,cross-scale/human_data/vt16.csv,True,van Tiel non-neutral template used by Hu et al. cross-scale analysis
vt16,van Tiel et al. (2016),vt16_035_template3,sometimes/always,sometimes,always,sometimes,always,adv,3,"the doctor is sometimes irritable, but not always.",0.86,86.0,si_nonneutral,cross-scale/human_data/vt16.csv,True,van Tiel non-neutral template used by Hu et al. cross-scale analysis
vt16,van Tiel et al. (2016),vt16_036_template1,special/unique,special,unique,special,unique,adj,1,"that dress is special, but not unique.",0.14,14.0,si_nonneutral,cross-scale/human_data/vt16.csv,True,van Tiel non-neutral template used by Hu et al. cross-scale analysis
vt16,van Tiel et al. (2016),vt16_036_template2,special/unique,special,unique,special,unique,adj,2,"that painting is special, but not unique.",0.14,14.0,si_nonneutral,cross-scale/human_data/vt16.csv,True,van Tiel non-neutral template used by Hu et al. cross-scale analysis
vt16,van Tiel et al. (2016),vt16_036_template3,special/unique,special,unique,special,unique,adj,3,"this necklace is special, but not unique.",0.14,14.0,si_nonneutral,cross-scale/human_data/vt16.csv,True,van Tiel non-neutral template used by Hu et al. cross-scale analysis
vt16,van Tiel et al. (2016),vt16_037_template1,start/finish,start,finish,started,finished,verb,1,"the athlete started, but did not finish.",0.21,21.0,si_nonneutral,cross-scale/human_data/vt16.csv,True,van Tiel non-neutral template used by Hu et al. cross-scale analysis
vt16,van Tiel et al. (2016),vt16_037_template2,start/finish,start,finish,started,finished,verb,2,"the dancer started, but did not finish.",0.21,21.0,si_nonneutral,cross-scale/human_data/vt16.csv,True,van Tiel non-neutral template used by Hu et al. cross-scale analysis
vt16,van Tiel et al. (2016),vt16_037_template3,start/finish,start,finish,started,finished,verb,3,"the runner started, but did not finish.",0.21,21.0,si_nonneutral,cross-scale/human_data/vt16.csv,True,van Tiel non-neutral template used by Hu et al. cross-scale analysis
vt16,van Tiel et al. (2016),vt16_038_template1,tired/exhausted,tired,exhausted,tired,exhausted,adj,1,"the quarterback is tired, but not exhausted.",0.14,14.0,si_nonneutral,cross-scale/human_data/vt16.csv,True,van Tiel non-neutral template used by Hu et al. cross-scale analysis
vt16,van Tiel et al. (2016),vt16_038_template2,tired/exhausted,tired,exhausted,tired,exhausted,adj,2,"the runner is tired, but not exhausted.",0.14,14.0,si_nonneutral,cross-scale/human_data/vt16.csv,True,van Tiel non-neutral template used by Hu et al. cross-scale analysis
vt16,van Tiel et al. (2016),vt16_038_template3,tired/exhausted,tired,exhausted,tired,exhausted,adj,3,"the worker is tired, but not exhausted.",0.14,14.0,si_nonneutral,cross-scale/human_data/vt16.csv,True,van Tiel non-neutral template used by Hu et al. cross-scale analysis
vt16,van Tiel et al. (2016),vt16_039_template1,try/succeed,try,succeed,tried,succeeded,verb,1,"the candidate tried, but did not succeed.",0.39,39.0,si_nonneutral,cross-scale/human_data/vt16.csv,True,van Tiel non-neutral template used by Hu et al. cross-scale analysis
vt16,van Tiel et al. (2016),vt16_039_template2,try/succeed,try,succeed,tried,succeeded,verb,2,"the athlete tried, but did not succeed.",0.39,39.0,si_nonneutral,cross-scale/human_data/vt16.csv,True,van Tiel non-neutral template used by Hu et al. cross-scale analysis
vt16,van Tiel et al. (2016),vt16_039_template3,try/succeed,try,succeed,tried,succeeded,verb,3,"the scientist tried, but did not succeed.",0.39,39.0,si_nonneutral,cross-scale/human_data/vt16.csv,True,van Tiel non-neutral template used by Hu et al. cross-scale analysis
vt16,van Tiel et al. (2016),vt16_040_template1,ugly/hideous,ugly,hideous,ugly,hideous,adj,1,"the wallpaper is ugly, but not hideous.",0.18,18.0,si_nonneutral,cross-scale/human_data/vt16.csv,True,van Tiel non-neutral template used by Hu et al. cross-scale analysis
vt16,van Tiel et al. (2016),vt16_040_template2,ugly/hideous,ugly,hideous,ugly,hideous,adj,2,"that sweater is ugly, but not hideous.",0.18,18.0,si_nonneutral,cross-scale/human_data/vt16.csv,True,van Tiel non-neutral template used by Hu et al. cross-scale analysis
vt16,van Tiel et al. (2016),vt16_040_template3,ugly/hideous,ugly,hideous,ugly,hideous,adj,3,"that painting is ugly, but not hideous.",0.18,18.0,si_nonneutral,cross-scale/human_data/vt16.csv,True,van Tiel non-neutral template used by Hu et al. cross-scale analysis
vt16,van Tiel et al. (2016),vt16_041_template1,unsettling/horrific,unsettling,horrific,unsettling,horrific,adj,1,"the movie is unsettling, but not horrific.",0.25,25.0,si_nonneutral,cross-scale/human_data/vt16.csv,True,van Tiel non-neutral template used by Hu et al. cross-scale analysis
vt16,van Tiel et al. (2016),vt16_041_template2,unsettling/horrific,unsettling,horrific,unsettling,horrific,adj,2,"this picture is unsettling, but not horrific.",0.25,25.0,si_nonneutral,cross-scale/human_data/vt16.csv,True,van Tiel non-neutral template used by Hu et al. cross-scale analysis
vt16,van Tiel et al. (2016),vt16_041_template3,unsettling/horrific,unsettling,horrific,unsettling,horrific,adj,3,"the news is unsettling, but not horrific.",0.25,25.0,si_nonneutral,cross-scale/human_data/vt16.csv,True,van Tiel non-neutral template used by Hu et al. cross-scale analysis
vt16,van Tiel et al. (2016),vt16_042_template1,warm/hot,warm,hot,warm,hot,adj,1,"the weather is warm, but not hot.",0.64,64.0,si_nonneutral,cross-scale/human_data/vt16.csv,True,van Tiel non-neutral template used by Hu et al. cross-scale analysis
vt16,van Tiel et al. (2016),vt16_042_template2,warm/hot,warm,hot,warm,hot,adj,2,"the sand is warm, but not hot.",0.64,64.0,si_nonneutral,cross-scale/human_data/vt16.csv,True,van Tiel non-neutral template used by Hu et al. cross-scale analysis
vt16,van Tiel et al. (2016),vt16_042_template3,warm/hot,warm,hot,warm,hot,adj,3,"the soup is warm, but not hot.",0.64,64.0,si_nonneutral,cross-scale/human_data/vt16.csv,True,van Tiel non-neutral template used by Hu et al. cross-scale analysis
vt16,van Tiel et al. (2016),vt16_043_template1,wary/scared,wary,scared,wary,scared,adj,1,"the dog is wary, but not scared.",0.14,14.0,si_nonneutral,cross-scale/human_data/vt16.csv,True,van Tiel non-neutral template used by Hu et al. cross-scale analysis
vt16,van Tiel et al. (2016),vt16_043_template2,wary/scared,wary,scared,wary,scared,adj,2,"the victim is wary, but not scared.",0.14,14.0,si_nonneutral,cross-scale/human_data/vt16.csv,True,van Tiel non-neutral template used by Hu et al. cross-scale analysis
vt16,van Tiel et al. (2016),vt16_043_template3,wary/scared,wary,scared,wary,scared,adj,3,"the rabbit is wary, but not scared.",0.14,14.0,si_nonneutral,cross-scale/human_data/vt16.csv,True,van Tiel non-neutral template used by Hu et al. cross-scale analysis
